policy_id,policy_name,summary,district,source,detail_url
V202600008,2026 청년 골목창업 지원,"ㅇ 청년창업 지원을 통한 혁신적인 청년 사업가 양성
ㅇ 지속가능한 골목창업환경 조성을 통한 지역경제 활성화",,서울시,https://youth.seoul.go.kr/infoData/plcyInfo/view.do?plcyBizId=V202600008&tabKind=001
V202600007,2026 청년쿡 비즈니스센터 운영,청년 푸드산업 스타트업 창업 활성화를 위한 성장 기반 마련,,서울시,https://youth.seoul.go.kr/infoData/plcyInfo/view.do?plcyBizId=V202600007&tabKind=001
V202600006,2026 청년 부동산 중개보수 및 이사비 지원사업,이사가 잦은 청년가구의 주거비 부담을 완화하고 생활 안전망을 강화하기 위한 사업,,서울시,https://youth.seoul.go.kr/infoData/plcyInfo/view.do?plcyBizId=V202600006&tabKind=001
V202600005,2026 서울 청년수당,"ㅇ 서울에 거주하고 있는 만 19세~34세 미취업 또는 단기 근로 청년에게 활동지원금(월 50만원 최대 6개월)을 지급하고, 강점진단 종합지원, 멘토링, 취업지원 프로그램 제공 등 청년 니즈에 맞게 프로그램 연계를 지속 지원하는 사업",,서울시,https://youth.seoul.go.kr/infoData/plcyInfo/view.do?plcyBizId=V202600005&tabKind=001
V202600004,2026 서울청년문화패스,사회에 첫발을 내딛는 청년에게 공연 및 전시를 관람할 수 있는 문화이용권(바우처)을 지급하여 청년의 문화권 향상 및 문화예술계 활성화 도모,,서울시,https://youth.seoul.go.kr/infoData/plcyInfo/view.do?plcyBizId=V202600004&tabKind=001
V202600003,2026 학자금 대출이자 지원사업,고비용의 대학(원) 등록금 학자금대출로 인해 부채 문제에 직면한 청년들에게 학자금 대출이자를 지원하여 청년 부채 문제 경감 도모,,서울시,https://youth.seoul.go.kr/infoData/plcyInfo/view.do?plcyBizId=V202600003&tabKind=001
V202600002,2026 학자금대출 신용회복(신용유의자 해제) 지원사업,학자금 대출로 신용유의자가 되어 사회진입에 어려움을 겪는 청년들에게 신용회복 지원함으로써 건강한 금융생활 도모,,서울시,https://youth.seoul.go.kr/infoData/plcyInfo/view.do?plcyBizId=V202600002&tabKind=001
V202600001,2026 서울시 취업날개 서비스 지원,ㅇ 물가상승과 취업난으로 경제적 부담을 겪고 있는 구직 청년들을 지원,,서울시,https://youth.seoul.go.kr/infoData/plcyInfo/view.do?plcyBizId=V202600001&tabKind=001
V202500054,긴급생활안정자금 이자지원 사업,부채 문제 경감 지원으로 청년들의 경제적 자립 및 건전한 신용회복 도모,,서울시,https://youth.seoul.go.kr/infoData/plcyInfo/view.do?plcyBizId=V202500054&tabKind=001
20250618005400211019,2025 서울 청년 취업 멘토링 페스타,"직무 멘토링, 서울청년 서울생활 꿀팁 전시, 市 청년정책 1:1 상담, 정책 팝업 체험 등 참여 모습 참관, AI 면접체험 및 청년응원메시지 작성",,서울시,https://youth.seoul.go.kr/infoData/plcyInfo/view.do?plcyBizId=20250618005400211019&tabKind=001
20250522005400210873,청년 몽땅 정보통 운영,ㅇ ‘AI가 추천해주는 300만 서울청년의 맞춤형 청년 플랫폼’,,서울시,https://youth.seoul.go.kr/infoData/plcyInfo/view.do?plcyBizId=20250522005400210873&tabKind=001
20250522005400210872,서울광역청년센터 운영,"ㅇ 서울청년센터 안정적 운영지원, 청년수당 등 주요 시책사업 추진 및 청년 사회안전망 구축 등 서울시 청년정책 집행·전달의 종합 컨트롤타워 기능 수행",,서울시,https://youth.seoul.go.kr/infoData/plcyInfo/view.do?plcyBizId=20250522005400210872&tabKind=001
20250522005400210871,지역별 서울청년센터 설치 운영,ㅇ 생활권 기반의 정책전달체계를 확충하여 청년들의 사회적 자원에 대한 접근성 향상 및 종합적 정책지원,,서울시,https://youth.seoul.go.kr/infoData/plcyInfo/view.do?plcyBizId=20250522005400210871&tabKind=001
20250522005400210869,서울시 위원회 청년위촉 지정 및 관리,ㅇ 「서울특별시 청년 기본 조례」정비에 따른 서울시 위원회 청년위원 위촉 확대 추진(청년위원 10% 이상 위촉)을 통해 청년의 시정 참여 강화,,서울시,https://youth.seoul.go.kr/infoData/plcyInfo/view.do?plcyBizId=20250522005400210869&tabKind=001
20250522005400210865,기후동행카드(청년할인 서비스),ㅇ 청년의 사회진출 지원 및 생활안정을 목적으로 청년할인 대상(만 19~39세)에게 기후동행카드 정기권의 할인 제공,,서울시,https://youth.seoul.go.kr/infoData/plcyInfo/view.do?plcyBizId=20250522005400210865&tabKind=001
20250519005400210859,서울시 고립·은둔청년 지원사업,"ㅇ 청년정책 사각지대에 놓인 고립·은둔청년에 대한 발굴과 맞춤 지원을 통해 청년의 사회성, 대인관계 능력 향상지원 및 사회진입 촉진",,서울시,https://youth.seoul.go.kr/infoData/plcyInfo/view.do?plcyBizId=20250519005400210859&tabKind=001
20250519005400210856,자립준비청년 자립수당 지원,ㅇ 자립준비청년에게 자립수당을 지급하여 보호종료 후 경제적 부담을 완화하고 복지향상을 통해 안정적인 사회 정착 및 성공적 자립 기여,,서울시,https://youth.seoul.go.kr/infoData/plcyInfo/view.do?plcyBizId=20250519005400210856&tabKind=001
20250519005400210855,서울 청년 마음건강 지원사업,우울·불안 등 정서적 어려움을 겪는 청년의 마음건강 회복,,서울시,https://youth.seoul.go.kr/infoData/plcyInfo/view.do?plcyBizId=20250519005400210855&tabKind=001
20250519005400210852,희망두배 청년통장,"학자금 대출, 주거비, 비정규직 취업 등으로 어려움을 겪고 있는 청년의 자립지원을 통하여 저소득 근로청년의 자립의욕 고취",,서울시,https://youth.seoul.go.kr/infoData/plcyInfo/view.do?plcyBizId=20250519005400210852&tabKind=001
20250519005400210851,서울 영테크,청년 금융교육 및 재무상담을 통한 경제적 자립 지원,,서울시,https://youth.seoul.go.kr/infoData/plcyInfo/view.do?plcyBizId=20250519005400210851&tabKind=001
20250515005400210822,서울시 청년해외봉사단,청년들의 국제개발협력사업 참여기회 확대 및 봉사활동을 통한 글로벌 역량 강화 지원,,서울시,https://youth.seoul.go.kr/infoData/plcyInfo/view.do?plcyBizId=20250515005400210822&tabKind=001
20250522005400210874,대학생 동아리 사회기여활동 지원,ㅇ 사회적 관계 회복을 위한 자발적인 연대와 협력 경험을 할 수 있도록 대학생 동아리 지원을 통해 사회 구성원으로의 성장 도움과 기회 제공,,서울시,https://youth.seoul.go.kr/infoData/plcyInfo/view.do?plcyBizId=20250522005400210874&tabKind=001
20250522005400210870,서울시 청년해외봉사단 사업,"ㅇ 청년에게 해외 봉사 경험을 제공하여 자존감 및 국제 감각 함양
 ㅇ 개발도상국 주민들의 삶의 질 향상 및 서울시와의 우호협력 관계 증진
 ㅇ 참여자의 경험이 한국사회로 환류되어 사회적기여 생태계를 조성하는 발판 마련",,서울시,https://youth.seoul.go.kr/infoData/plcyInfo/view.do?plcyBizId=20250522005400210870&tabKind=001
20250522005400210868,청년참여 활성화 및 서울청년참여기구 운영 지원,"ㅇ 정책발굴, 예산편성, 모니터링(개선) 등 정책결정과정 전반에 걸쳐 다양한 청년참여 기회 제공
                          
 ㅇ 청년자율예산제를 통해 청년당사자의 시각으로 청년문제 해결 모색",,서울시,https://youth.seoul.go.kr/infoData/plcyInfo/view.do?plcyBizId=20250522005400210868&tabKind=001
20250522005400210867,청년 1인가구 소셜다이닝 건강한 밥상,ㅇ 청년 1인가구 맞춤형 요리교실 및 소통프로그램을 통해 건강한 식생활 회복 및 사회적 관계망 형성 지원,,서울시,https://youth.seoul.go.kr/infoData/plcyInfo/view.do?plcyBizId=20250522005400210867&tabKind=001
20250522005400210864,청년내일저축계좌(근로능력 있는 수급자의 탈수급 지원),ㅇ 일하는 저소득 근로 청년이 자활에 필요한 자산을 형성할 수 있도록 재정적으로 지원하는 사업,,서울시,https://youth.seoul.go.kr/infoData/plcyInfo/view.do?plcyBizId=20250522005400210864&tabKind=001
20250519005400210858,가족돌봄청년을 위한 사회서비스 지원,ㅇ 가족돌봄이라는 막중한 책임을 지고 있는 가족돌봄청년들의 돌봄부담을 경감하고 본인의 미래를 준비할 수 있도록 지원,,서울시,https://youth.seoul.go.kr/infoData/plcyInfo/view.do?plcyBizId=20250519005400210858&tabKind=001
20250519005400210857,청년 부상 제대군인 상담센터 운영,"ㅇ 19세~39세 청년 부상 제대군인 및 보훈대상자 대상, 건강한 삶과 공정한 사회진출 지원",,서울시,https://youth.seoul.go.kr/infoData/plcyInfo/view.do?plcyBizId=20250519005400210857&tabKind=001
20250519005400210853,학자금 대출이자 지원사업,ㅇ 고비용의 대학(원) 등록금 학자금대출로 인해 부채 문제에 직면한 청년들에게 학자금 대출이자를 지원하여 청년 부채 문제 경감 도모,,서울시,https://youth.seoul.go.kr/infoData/plcyInfo/view.do?plcyBizId=20250519005400210853&tabKind=001
20250519005400210850,서울 청년수당,ㅇ 미취업 청년이 진로 탐색 및 목표 달성에 집중할 수 있도록 금전적 지원과 성장 지원을 통해 사회안전망 제공,,서울시,https://youth.seoul.go.kr/infoData/plcyInfo/view.do?plcyBizId=20250519005400210850&tabKind=001
20250404005400210690,서울 동아리ON(대학생 동아리 사회 기여 활동 지원) 사업,서울시 대학생 동아리를 대상으로 사회 기여 활동을 위한 활동비를 지원하여 동아리 활동 활성화를 통한 사회적 관계 회복과 함께 지역 사회 문제 해결에 기여할 수 있도록 지원하는 사업,,서울시,https://youth.seoul.go.kr/infoData/plcyInfo/view.do?plcyBizId=20250404005400210690&tabKind=001
V202500050,2025 청년예술청 운영,청년예술인의 예술생태계 안착 지원 및 창작·교육·교류 활성화를 위한 ‘청년예술인 종합지원 플랫폼’ 운영,,서울시,https://youth.seoul.go.kr/infoData/plcyInfo/view.do?plcyBizId=V202500050&tabKind=001
V202500049,2025 서울청년문화패스,사회에 첫발을 내딛는 청년에게 공연 및 전시를 관람할 수 있는 문화이용권(바우처)을 지급하여 청년의 문화권 향상 및 문화예술계 활성화 도모,,서울시,https://youth.seoul.go.kr/infoData/plcyInfo/view.do?plcyBizId=V202500049&tabKind=001
V202500041,2025 청년 골목창업 지원,"ㅇ 청년창업 지원을 통한 혁신적인 청년 사업가 양성
ㅇ 지속가능한 골목창업환경 조성을 통한 지역경제 활성화",,서울시,https://youth.seoul.go.kr/infoData/plcyInfo/view.do?plcyBizId=V202500041&tabKind=001
V202500039,2025 청년쿡 비즈니스센터 운영,청년 푸드산업 스타트업 창업 활성화를 위한 성장 기반 마련,,서울시,https://youth.seoul.go.kr/infoData/plcyInfo/view.do?plcyBizId=V202500039&tabKind=001
V202500030,2025 학자금대출 신용회복(신용유의자 해제) 지원사업,학자금 대출로 신용유의자가 되어 사회진입에 어려움을 겪는 청년들에게 신용회복 지원함으로써 건강한 금융생활 도모,,서울시,https://youth.seoul.go.kr/infoData/plcyInfo/view.do?plcyBizId=V202500030&tabKind=001
V202500029,2025 학자금 대출이자 지원사업,고비용의 대학(원) 등록금 학자금대출로 인해 부채 문제에 직면한 청년들에게 학자금 대출이자를 지원하여 청년 부채 문제 경감 도모,,서울시,https://youth.seoul.go.kr/infoData/plcyInfo/view.do?plcyBizId=V202500029&tabKind=001
V202500013,2025 서울 청년 마음건강 지원사업,"서울시에 거주하고 있는 만19세~39세 청년의 마음건강을 지원합니다.
(*의무복무 제대군인의 경우, 군 복무기간에 따라 최대 3년 연장 지원)
기본 6회기 (1회기 당 50분) 자기이해 상담을 진행하면서, 심리상담 전문가와 함께 마음을 돌아보세요.
간이정신진단검사(KSCL95), 기질 및 성격검사(TCI) 등을 통해 더욱 체계적인 맞춤상담을 제공합니다.
* 검진결과에 따라, 개인에게 추가로 지원되는 심리서비스는 다를 수 있습니다.",,서울시,https://youth.seoul.go.kr/infoData/plcyInfo/view.do?plcyBizId=V202500013&tabKind=001
V202500028,2025 희망두배 청년통장,"- 근로하는 청년이 목돈 마련을 통해 경제적으로 자립하고 구체적인 미래계획을 수립하여, 희망한 미래를 열어갈 수 있도록 지원하는 자산형성지원사업입니다. 
- 본 통장에 가입한 후 2년 또는 3년간 매월 15만원의 금액을 저축하게 되며, 저축한 금액과 동일한 금액을 서울시 예산과 시민후원금으로 추가 적립하여 지원합니다.",,서울시,https://youth.seoul.go.kr/infoData/plcyInfo/view.do?plcyBizId=V202500028&tabKind=001
V202500027,2025 서울 영테크 지원사업,"자산형성이 어려운 청년에게, 효과적이고, 체계적인 맞춤형 재무상담과 금융교육을 제공하여 경제적 자립을 지원하는 사업입니다.",,서울시,https://youth.seoul.go.kr/infoData/plcyInfo/view.do?plcyBizId=V202500027&tabKind=001
V202500011,2025 청년 부상 제대군인 상담센터 운영,"군 복무 중 부상을 입고 제대한 청년 군인들이 합당한 대우와 보상을 받을 수 있도록 도와주고 
사회 진출의 발판을 마련해 드리는 원스톱 지원 센터로 2022년 3월 개소하여 운영 중입니다.",,서울시,https://youth.seoul.go.kr/infoData/plcyInfo/view.do?plcyBizId=V202500011&tabKind=001
V202500026,2025 서울 청년수당,"ㅇ 서울에 거주하고 있는 만 19세~34세 미취업 또는 단기 근로 청년에게 활동지원금(월 50만원 최대 6개월)을 지급하고, 강점진단 종합지원, 멘토링, 취업지원 프로그램 제공 등 청년 니즈에 맞게 프로그램 연계를 지속 지원하는 사업",,서울시,https://youth.seoul.go.kr/infoData/plcyInfo/view.do?plcyBizId=V202500026&tabKind=001
V202500010,2025 서울시 가족돌봄청년 지원사업,"가족돌봄청년 상황에 맞는 맞춤형 자원 안내 및 연결
생활비, 병원비, 주거비, 학습비, 문화활동 참여 기회 등(별도 공고를 통해 신청자격, 기한, 지원내용 안내)",,서울시,https://youth.seoul.go.kr/infoData/plcyInfo/view.do?plcyBizId=V202500010&tabKind=001
V202500009,2025 서울시 고립 은둔청년 지원사업,"고립은둔 상황에 처해있는 청년들이 삶의 활력과 동기를 얻어, 사회로 안전하게 복귀할 수 있도록 심리상담 및 맞춤 프로그램 등을 제공하는 사업입니다.",,서울시,https://youth.seoul.go.kr/infoData/plcyInfo/view.do?plcyBizId=V202500009&tabKind=001
V202500036,2025 청년 부동산 중개보수 및 이사비 지원사업,이사가 잦은 청년가구의 주거비 부담을 완화하고 생활 안전망을 강화하기 위한 사업,,서울시,https://youth.seoul.go.kr/infoData/plcyInfo/view.do?plcyBizId=V202500036&tabKind=001
V202500008,2025 청년내일저축계좌 (근로능력 있는 수급자의 탈수급 지원),저소득 근로 청년들이 안정되고 구체적인 미래 계획을 수립할 수 있도록 재정적 지원을 통한 자립의욕 고취 및 빈곤층 전락을 방지를 위한 자산형성지원 정책,,서울시,https://youth.seoul.go.kr/infoData/plcyInfo/view.do?plcyBizId=V202500008&tabKind=001
V202500024,2025 청년 몽땅 정보통 운영,"- 청년 몽땅 정보통 AI 맞춤형 서비스, 정책쇼핑, 선제적 청년정책 전달",,서울시,https://youth.seoul.go.kr/infoData/plcyInfo/view.do?plcyBizId=V202500024&tabKind=001
V202500007,기후동행카드(청년할인 서비스),청년의 사회진출 지원 및 생활안정을 목적으로 청년할인 대상(만 19~39세)에게 기후동행카드 정기권의 할인 제공,,서울시,https://youth.seoul.go.kr/infoData/plcyInfo/view.do?plcyBizId=V202500007&tabKind=001
V202500023,2025 서울광역청년센터 운영,"ㅇ 서울청년센터 안정적 운영지원, 청년수당 등 주요 시책사업 추진 및 청년 사회안전망 구축 등 서울시 청년정책 집행·전달의 종합 컨트롤타워 기능 수행",,서울시,https://youth.seoul.go.kr/infoData/plcyInfo/view.do?plcyBizId=V202500023&tabKind=001
V202500006,2025 대학생 마약류 오남용 예방교육 등 운영,"청년층(대학생)의 마약류 오남용이 급증함에 따라 대학생 중심의 
예방교육 등을 통하여 경각심을 고취하고 오남용을 감소시키고자 함",,서울시,https://youth.seoul.go.kr/infoData/plcyInfo/view.do?plcyBizId=V202500006&tabKind=001
V202500022,2025 지역별 서울청년센터 설치 운영,ㅇ 생활권 기반의 정책전달체계를 확충하여 청년들의 사회적 자원에 대한 접근성 향상 및 종합적 정책지원,,서울시,https://youth.seoul.go.kr/infoData/plcyInfo/view.do?plcyBizId=V202500022&tabKind=001
V202500005,2025 청년 1인가구 소셜다이닝 건강한 밥상,청년 1인가구 맞춤형 요리교실 및 소통프로그램을 통해 건강한 식생활 회복 및 사회적 관계망 형성 지원,,서울시,https://youth.seoul.go.kr/infoData/plcyInfo/view.do?plcyBizId=V202500005&tabKind=001
V202500021,2025 서울시 청년해외봉사단 사업(3기),"“셋으로 이어진 하나의 꿈, 서울청년 세계로”
서울시 청년해외봉사단은 청년들에게 국제사회에서의 경험과 현지 봉사활동의 기회를 제공합니다. 
라오스(비엔티안)와 우즈베키스탄(타슈켄트)에서 환경, 위생, 유아 등 다양한 분야에서의 봉사활동을 통해 
현지 지역사회의 요구에 부응하고 자신의 긍정적인 변화를 만들어내는 소중한 경험을 하게 됩니다. 
관심있는 여러분의 실천적인 참여를 기다립니다.",,서울시,https://youth.seoul.go.kr/infoData/plcyInfo/view.do?plcyBizId=V202500021&tabKind=001
V202500020,2025 서울시 위원회 청년위촉 지정 및 관리,서울시 위원회 청년위원 위촉 확대 추진(청년위원 10% 이상 위촉)을 통해 청년의 시정 참여 강화,,서울시,https://youth.seoul.go.kr/infoData/plcyInfo/view.do?plcyBizId=V202500020&tabKind=001
V202500019,2025 서울청년정책네트워크 위원 모집,"ㅇ 청년들의 정책 참여 기회 보장을 위한 서울청년정책네트워크를 운영합니다.
- 분과 토론 과정을 통한 정책제안, 예산(청년자율예산) 심의 활동
- 서울시 정책모니터링, 정책홍보 활동
- 제도 개선을 위한 의제토론 및 사회기여활동",,서울시,https://youth.seoul.go.kr/infoData/plcyInfo/view.do?plcyBizId=V202500019&tabKind=001
V202500016,2025 서울형 강소기업 육성 지원,"서울시에서 직원의 정규직 비중, 임금수준, 근무환경, 기업 성장 가능성 등 일자리 질을 꼼꼼히 따져 청년이 일하기 좋은 서울형 강소기업을 선정하였습니다.",,서울시,https://youth.seoul.go.kr/infoData/plcyInfo/view.do?plcyBizId=V202500016&tabKind=001
20250317005400210643,서울 러닝크루(7979 서울 러닝크루),ㅇ 목요일 저녁 7시부터 9시까지 도심 속 야간 코스를 함께 뛰며 친구(79)가 될 수 있는 ‘7979 서울 러닝크루’를 통해 서울시 청년들의 건강한 생활체육 경험기회 확대,,서울시,https://youth.seoul.go.kr/infoData/plcyInfo/view.do?plcyBizId=20250317005400210643&tabKind=001
20250317005400210642,청년예술지원사업,"ㅇ 경력이 부족한 청년예술인의 지원 확대를 통해 안전한 예술창작 활동 기반 마련
 ㅇ 청년계층 지원 신설을 통해 경력단계별 예술 창작활동 활성화 도모",,서울시,https://youth.seoul.go.kr/infoData/plcyInfo/view.do?plcyBizId=20250317005400210642&tabKind=001
20250317005400210641,청년예술청 운영,ㅇ 청년예술인의 예술생태계 안착 지원 및 창작·교육·교류 활성화를 위한 ‘청년예술인 종합지원 플랫폼’ 운영,,서울시,https://youth.seoul.go.kr/infoData/plcyInfo/view.do?plcyBizId=20250317005400210641&tabKind=001
20250316005400210639,청년인생설계학교 운영,"ㅇ 인생전환기 청년들에게 주체적인 인생설계 기회 제공
ㅇ 자기이해 및 진로탐색 프로그램을 제공하여 자존감 회복 및 자립역량 강화",,서울시,https://youth.seoul.go.kr/infoData/plcyInfo/view.do?plcyBizId=20250316005400210639&tabKind=001
20250316005400210638,서울교환학생장학금,해외 대학에서 학문과 문화를 경험하며 다양한 생각과 가치관을 존중하는 포용력을 지닌 글로벌 인재로 성장하도록 장학금 지원,,서울시,https://youth.seoul.go.kr/infoData/plcyInfo/view.do?plcyBizId=20250316005400210638&tabKind=001
20250316005400210637,독립유공자후손장학금,ㅇ 독립유공자 예우와 학업에 대한 경제적 부담 완화를 위해독립유공자 증손 이하 후손에 대한 장학금 지원,,서울시,https://youth.seoul.go.kr/infoData/plcyInfo/view.do?plcyBizId=20250316005400210637&tabKind=001
20250316005400210636,서울희망 공익인재 장학금,"대학생에게 공동으로 창의적인 사회적 대안을 탐구하는 기회를 제공하여, 사회에 긍정적인 변화를 만들어 가는 실천적 인재로 성장하도록 지원",,서울시,https://youth.seoul.go.kr/infoData/plcyInfo/view.do?plcyBizId=20250316005400210636&tabKind=001
20250316005400210635,서울희망대학진로장학금,"ㅇ 저소득 대학생의 생계형 활동 참여시간을 줄이고, 학업과 진로 탐색 개발에 집중할 수 있도록 여건 조성
 ㅇ 자기 주도적이고 창의적으로 진로 역량을 개발하여 학업 성취 및 자기 계발 등 미래를 위한 도약을 준비하는 기회 제공",,서울시,https://youth.seoul.go.kr/infoData/plcyInfo/view.do?plcyBizId=20250316005400210635&tabKind=001
20250316005400210634,"서울희망직업전문학교장학금 (前, 등록금 지원 장학사업)",ㅇ 경제적 어려움으로 학업에 어려움을 겪지 않도록 저소득 가정 직업전문학교생의 등록금 부담을 완화하는 것을 목표로 장학금 지원,,서울시,https://youth.seoul.go.kr/infoData/plcyInfo/view.do?plcyBizId=20250316005400210634&tabKind=001
20250316005400210633,청년안심주택 공급활성화(임차보증금 무이자지원),ㅇ 높은 주거비 부담 등에 시달리는 청년․신혼부부의 안정적인 주거환경 확보를 위해 청년안심주택 입주자에 대하여 주거비를 지원,,서울시,https://youth.seoul.go.kr/infoData/plcyInfo/view.do?plcyBizId=20250316005400210633&tabKind=001
20250316005400210632,청년안심주택 공급(매입),ㅇ 역세권(간선도로변)의 민간소유 토지를 체계적으로 개발(민간 주도+공공 지원)하여 쾌적하고 저렴한 주택을 공급함으로써 청년층의 주거안정을 도모하고 지역경제를 활성화하고자 함.,,서울시,https://youth.seoul.go.kr/infoData/plcyInfo/view.do?plcyBizId=20250316005400210632&tabKind=001
20250316005400210631,청년 부동산 중개보수 및 이사비 지원사업,이사가 잦은 청년가구의 주거비 부담을 완화하고 생활 안전망을 강화하기 위한 사업,,서울시,https://youth.seoul.go.kr/infoData/plcyInfo/view.do?plcyBizId=20250316005400210631&tabKind=001
20250316005400210630,전월세 안심계약 도움서비스 운영,ㅇ 내 집 찾기가 어려운 1인가구에게 전월세 계약상담 및 집보기 현장 동행 서비스를 제공하여 안정적 주거지 정착 및 주거복지 향상 도모,,서울시,https://youth.seoul.go.kr/infoData/plcyInfo/view.do?plcyBizId=20250316005400210630&tabKind=001
20250316005400210629,2025년 서울시 청년월세지원 사업,서울에 거주하는 청년의 주거비 부담완화와 안정적 주거환경 마련을 위한 서울시의 청년 주거복지 지원 정책,,서울시,https://youth.seoul.go.kr/infoData/plcyInfo/view.do?plcyBizId=20250316005400210629&tabKind=001
20250316005400210628,신혼부부 청년 임차보증금 지원사업,신혼부부 · 청년의 주거안정을 위한 주거비 부담 완화,,서울시,https://youth.seoul.go.kr/infoData/plcyInfo/view.do?plcyBizId=20250316005400210628&tabKind=001
20250316005400210627,청년과 어르신 주거공유(한지붕세대공감),어르신의 고립감을 해소하고 대학(원)생에게 주변 임대료보다 저렴하게 주거공간을 제공하여 주거비 부담 완화,,서울시,https://youth.seoul.go.kr/infoData/plcyInfo/view.do?plcyBizId=20250316005400210627&tabKind=001
20250316005400210626,청년 매입임대주택 사업,ㅇ 무주택 저소득 청년층의 주거안정을 위해 신축주택을 매입하여 저렴하게 공급,,서울시,https://youth.seoul.go.kr/infoData/plcyInfo/view.do?plcyBizId=20250316005400210626&tabKind=001
20250316005400210625,서울 청년 밀키트 창업지원,ㅇ 민관 보유 창업 인프라를 활용한 청년 밀키트 창업 지원으로 준비된 창업가 양성,,서울시,https://youth.seoul.go.kr/infoData/plcyInfo/view.do?plcyBizId=20250316005400210625&tabKind=001
20250316005400210624,로컬크리에이터 양성(로컬인서울),ㅇ 지역의 역사적․문화적 특색을 살린 상품․서비스로 로컬브랜드 상권 활성화에 앞장설 수 있는 청년 창업가 양성 및 지원,,서울시,https://youth.seoul.go.kr/infoData/plcyInfo/view.do?plcyBizId=20250316005400210624&tabKind=001
20250316005400210623,청년 골목창업 지원,"ㅇ 청년창업 지원을 통한 혁신적인 청년 사업가 양성
ㅇ 지속가능한 골목창업환경 조성을 통한 지역경제 활성화",,서울시,https://youth.seoul.go.kr/infoData/plcyInfo/view.do?plcyBizId=20250316005400210623&tabKind=001
20250316005400210622,2025 캠퍼스타운 혁신 및 청년희망·지역경제 활성화,"ㅇ 서울캠퍼스타운은 대학과 지역이 협력하여 청년 창업과 지역경제를 활성화하는 사업입니다. 
2025년 현재 20개 캠퍼스타운에서 창업공간지원, 특화된 창업보육 프로그램 등을 통해 창업기업을 
지원하고 있습니다. 서울 캠퍼스 타운은 창업을 꿈꾸는 청년을 응원합니다.",,서울시,https://youth.seoul.go.kr/infoData/plcyInfo/view.do?plcyBizId=20250316005400210622&tabKind=001
20250316005400210621,청년쿡 비즈니스센터 식품제조 스타트업 지원,청년 푸드산업 스타트업 창업 활성화를 위한 성장 기반 마련,,서울시,https://youth.seoul.go.kr/infoData/plcyInfo/view.do?plcyBizId=20250316005400210621&tabKind=001
20250316005400210620,지역연계형 청년 창업 지원사업(넥스트로컬),"ㅇ 지역상생 차원의 농업‧농촌자원에 대한 인식 전환 및 문화‧관광‧IT 등 다양한 분야에서의 서울청년 참여 지역활력사업 추진 
 ㅇ 서울청년의 지역탐색 과정 통한 지역자원 활용 아이디어 발굴 ‧실험 지원 및 서울-지방 민관협력 통한 지역연계 창업환경 조성 
 ㅇ 지역균형발전을 위해 지역경제 활성화 가능한 청년 비즈니스 모델 개발 및 서울-지역 간 지속가능한 경제적 상생 도모",,서울시,https://youth.seoul.go.kr/infoData/plcyInfo/view.do?plcyBizId=20250316005400210620&tabKind=001
20250316005400210619,서울청년 예비인턴,"ㅇ 대학 재학생에게 졸업 전 선제적으로 일경험 기회를 제공하여, 청년들의 직무역량을 향상시키고 기업 요구에 맞는 실무형 인재 양성",,서울시,https://youth.seoul.go.kr/infoData/plcyInfo/view.do?plcyBizId=20250316005400210619&tabKind=001
20250315005400210618,미래 청년 일자리 사업,"ㅇ 미래 변화를 주도할 신산업 분야 청년일자리 발굴 및 제공
ㅇ 기업맞춤형 직무교육과 일경험 병행을 통해 기업-청년 미스매치 완화",,서울시,https://youth.seoul.go.kr/infoData/plcyInfo/view.do?plcyBizId=20250315005400210618&tabKind=001
20250315005400210617,청년취업사관학교 조성 및 운영,ㅇ 디지털 신기술 분야 양질의 교육과정 제공 및 취업지원을 통해 청년일자리 미스매칭 해소,,서울시,https://youth.seoul.go.kr/infoData/plcyInfo/view.do?plcyBizId=20250315005400210617&tabKind=001
20250315005400210616,서울 매력일자리,어려운 고용여건에 있는 실업시민이 안정된 생활기반 위에서 직업역량을 배양하고 체계적인 취·창업 지원을 통해 안정적 일자리 진입 지원,,서울시,https://youth.seoul.go.kr/infoData/plcyInfo/view.do?plcyBizId=20250315005400210616&tabKind=001
20250315005400210614,서울시 일자리카페 운영,"ㅇ 취업준비 청년에게 일자리정보와 취업상담, 특강, 멘토링 등 취업 역량강화 프로그램과 스터디룸 대여, 이력서용 사진촬영 등 취업 준비 종합서비스 제공",,서울시,https://youth.seoul.go.kr/infoData/plcyInfo/view.do?plcyBizId=20250315005400210614&tabKind=001
20250315005400210613,서울형 청년인턴 직무캠프,ㅇ 실무중심 직무교육과 인턴십 과정의 접목으로 청년 구직자에게 일경험 및 취업역량 강화 지원,,서울시,https://youth.seoul.go.kr/infoData/plcyInfo/view.do?plcyBizId=20250315005400210613&tabKind=001
20250315005400210612,2025 서울시 취업날개 서비스 지원,ㅇ 물가상승과 취업난으로 경제적 부담을 겪고 있는 구직 청년들을 지원,,서울시,https://youth.seoul.go.kr/infoData/plcyInfo/view.do?plcyBizId=20250315005400210612&tabKind=001
20250309005400210602,서울형 강소기업 육성 지원,"청년에게는 우수 중소기업에서 일할 기회를, 중소기업에게는 청년 인재를 채용할 기회를 제공하여 청년과 중소기업의 일자리 미스매치 해소를 통한 청년 일자리 확대에 기여",,서울시,https://youth.seoul.go.kr/infoData/plcyInfo/view.do?plcyBizId=20250309005400210602&tabKind=001
20260804005400213319,2026. 「은평 청년 버스킹 페스타」 참가자 모집,"지역의 청년모임을 대상으로한 버스킹 경연을 통하여 청년들의 지역활동 참여 및 재능발현의 장을 마련하고, 지역 상권을 이용하는 주민들에게 공연을 제공하여 청년과 지역사회간의 연대감을 강화",은평구,자치구,https://youth.seoul.go.kr/infoData/plcyInfo/view.do?plcyBizId=20260804005400213319&tabKind=001
20260706005400213250,"2026 청년 취업교육(N잡/프리랜서, 진로/취업 커리어 개발 교육)",취업·프리랜서 등 다양한 진로를 가진 청년 대상 맞춤형 커리어 개발 교육을 통해 청년들의 취업 역량을 강화하고 구직활동을 독려하고자 함,중랑구,자치구,https://youth.seoul.go.kr/infoData/plcyInfo/view.do?plcyBizId=20260706005400213250&tabKind=001
20260520005400213208,2026년 서울청년정책네트워크 하반기 모집,청년의 능동적인 시정참여 기회를 제공하기 위해 청년정책네트워크 하반기 모집을 진행,,자치구,https://youth.seoul.go.kr/infoData/plcyInfo/view.do?plcyBizId=20260520005400213208&tabKind=001
20260415005400212750,2026년 미취업청년 자격증 응시료 지원사업(중랑구),미취업 청년의 자격증 취득 비용을 지원하여 경제적 부담을 완화하고 취업역량을 강화하여 청년들의 구직활동을 촉진하고자 함,중랑구,자치구,https://youth.seoul.go.kr/infoData/plcyInfo/view.do?plcyBizId=20260415005400212750&tabKind=001
20260415005400212749,중랑청년청 동네친구 커뮤니티(중랑구),중랑구 거주 및 활동 청년 소모임 운영을 통한 청년 취미 활동 및 교류 활성화,중랑구,자치구,https://youth.seoul.go.kr/infoData/plcyInfo/view.do?plcyBizId=20260415005400212749&tabKind=001
20260415005400212748,2026년 중랑구 청년 창업 아카데미,창업 아이디어 발굴부터 비즈니스 모델 구축까지 단계별 창업 교육 및 멘토링을 통해 지역 청년 창업가를 양성하고자 함,중랑구,자치구,https://youth.seoul.go.kr/infoData/plcyInfo/view.do?plcyBizId=20260415005400212748&tabKind=001
20260415005400212747,2026년 중랑구 청년 재테크 교육,사회초년생을 위한 재테크 교육을 통해 청년들의 자산 형성 및 투자  등 재무 관리 역량을 강화하고자 함,중랑구,자치구,https://youth.seoul.go.kr/infoData/plcyInfo/view.do?plcyBizId=20260415005400212747&tabKind=001
20260410005400212688,2026년 중랑구 청년 취창업 특강 및 멘토링 운영,"전현직자 멘토링 및 특강을 통한 청년들의 다양한 진로 탐색 기회 제공 및 
청년 구직자의 활발한 취업활동 독려",중랑구,자치구,https://youth.seoul.go.kr/infoData/plcyInfo/view.do?plcyBizId=20260410005400212688&tabKind=001
20260410005400212663,2026 서울 동아리ON(대학생 동아리 지원),서울시 대학생 동아리를 대상으로 사회 기여 활동을 위한 활동비를 지원하여 동아리 활동 활성화를 통한 사회적 관계 회복과 함께 지역 사회 문제 해결에 기여할 수 있도록 지원하는 사업,,자치구,https://youth.seoul.go.kr/infoData/plcyInfo/view.do?plcyBizId=20260410005400212663&tabKind=001
20260220005400212095,청년 일자리사업 참여청년 모집,지역기반 기업에서 일경험과 경력 형성을 지원,은평구,자치구,https://youth.seoul.go.kr/infoData/plcyInfo/view.do?plcyBizId=20260220005400212095&tabKind=001
20260126005400212081,청년 일자리사업 참여기업 모집,청년의 일 경험 및 직무역량 향상을 도모하고 기업에는 청년 인재 채용의 기회 제공,은평구,자치구,https://youth.seoul.go.kr/infoData/plcyInfo/view.do?plcyBizId=20260126005400212081&tabKind=001
20250915005400211692,IFWY 2025 한국 지역 대화 참가자 모집,"청년들이 지속가능한 미래를 위한 행동과 연대를 실현할 수 있는 글로벌 플랫폼으로 청년 간 토론, 예술, 문화 교류의 장",은평구,자치구,https://youth.seoul.go.kr/infoData/plcyInfo/view.do?plcyBizId=20250915005400211692&tabKind=001
20250827005400211523,제3회 은평청년축제 <청년톡톡콘서트> 개최,청년의 날을 기념하여 청년들이 직접 기획하고 구민 모두가 참여하는 축제를 개최,은평구,자치구,https://youth.seoul.go.kr/infoData/plcyInfo/view.do?plcyBizId=20250827005400211523&tabKind=001
20250827005400211522,제3회 은평청년축제(부제 : 아무도 모르는 축제) 개최,청년의 날을 기념하여 청년들이 직접 기획하고 구민 모두가 참여하는 축제를 개최,은평구,자치구,https://youth.seoul.go.kr/infoData/plcyInfo/view.do?plcyBizId=20250827005400211522&tabKind=001
20250822005400211521,신월지역 청년점포 및 청년기업 육성사업 참여자 추가모집 공고,"청년 실업 해소와 지역상권 활성화를 위한 창업지원 정책으로, 창업을 준비하는 청년의 초기 창업비용 일부 지원",,자치구,https://youth.seoul.go.kr/infoData/plcyInfo/view.do?plcyBizId=20250822005400211521&tabKind=001
20250819005400211519,2025. 「은평 청년 버스킹 페스타」 청년판정단 모집,"지역의 청년모임을 대상으로한 버스킹 경연을 통하여 청년들의 지역활동 참여 및 재능발현의 장을 마련하고, 지역 상권을 이용하는 주민들에게 공연을 제공하여 청년과 지역사회간의 연대감을 강화",은평구,자치구,https://youth.seoul.go.kr/infoData/plcyInfo/view.do?plcyBizId=20250819005400211519&tabKind=001
20250819005400211518,2025. 「은평 청년 버스킹 페스타」 참가자 모집,"지역의 청년모임을 대상으로한 버스킹 경연을 통하여 청년들의 지역활동 참여 및 재능발현의 장을 마련하고, 지역 상권을 이용하는 주민들에게 공연을 제공하여 청년과 지역사회간의 연대감을 강화",은평구,자치구,https://youth.seoul.go.kr/infoData/plcyInfo/view.do?plcyBizId=20250819005400211518&tabKind=001
20250806005400211515,청년 일자리사업 참여청년 모집,지역기반 기업에서 일경험과 경력 형성을 지원하기 위하여 청년 일자리 사업 참여 청년 모집,은평구,자치구,https://youth.seoul.go.kr/infoData/plcyInfo/view.do?plcyBizId=20250806005400211515&tabKind=001
20250729005400211499,청년 창업점포(청년식당) 신규 입점 청년 모집,청년 창업자의 도전을 장려하여 청년사업가를 육성하고 일자리 창출 및 지역경제 활성화를 위한 청년 창업점포 입점 청년 모집,은평구,자치구,https://youth.seoul.go.kr/infoData/plcyInfo/view.do?plcyBizId=20250729005400211499&tabKind=001
20250424005400210720,강동구 미취업 청년 어학 및 자격시험 응시료 지원,강동구 미취업 청년들에게 어학 및 자격시험 응시료를 지원하여 취업 준비에 대한 경제적 부담 완화 및 취업역량 강화를 통해 청년들의 적극적인 구직활동 촉진에 기여하고자 함,강동구,자치구,https://youth.seoul.go.kr/infoData/plcyInfo/view.do?plcyBizId=20250424005400210720&tabKind=001
20250224005400210564,"금천형 취업성공키트(자격시험 준비비, 면접 준비비, 문화비 지원)","금천구 미취업 청년들에게 구직활동에 필요한 자격증 시험 응시료, 수강료 및 면접 준비비와 취업스트레스 완화를 위한 문화힐링비 지원",금천구,자치구,https://youth.seoul.go.kr/infoData/plcyInfo/view.do?plcyBizId=20250224005400210564&tabKind=001
